{
  "$schema": "../../node_modules/ng-packagr/ng-package.schema.json",
  "dest": "../../dist/eddydata-lib",
  "lib": {
    "entryFile": "src/public-api.ts",
    "umdModuleIds": {
      "@fullcalendar/daygrid": "dayGridPlugin",
      "@fullcalendar/timegrid": "timeGridPlugin",
      "@fullcalendar/interaction": "interactionPlugin",
      "@fullcalendar/list": "listPlugin",
      "@fullcalendar/angular": "angular",
      "jsbarcodeJsBarCode": "JsBarCode",
      "jsbarcode": "JsBarCode",
      "angular-imask": "angularImask",
      "pdfmake/build/pdfmake": "pdfmake",
      "pdfmake/build/vfs_fonts": "vfs_fonts",
      "ts-xlsx-export": "tsXlsxExport",
      "toastr": "toastr$1",
      "primeng/api": "api$1",
      "primeng/components/common/api": "api"
    }
  }
}